timestamp,experiment_name,model_type,optimizer,lr,batch_size,dropout,augmentation,initialization,accuracy,f1_macro,f1_per_class,train_time_sec,epochs_run,best_epoch,num_params,flops,gpu_mem_mb,device,seed,config_file,slurm_job_id
2026-04-03T22:41:29.152637,dataeff_xgboost_1k,xgboost,adamw,0.001,128,0.3,none,he,0.8079,0.80851,"[0.7658, 0.9563, 0.6966, 0.8242, 0.7136, 0.8962, 0.5412, 0.872, 0.9183, 0.9009]",7.67,100,-1,-1,-1,0.0,cpu,42,dataeff_xgboost_1k.yaml,11115400
2026-04-03T22:41:34.987377,dataeff_xgboost_5k,xgboost,adamw,0.001,128,0.3,none,he,0.8591,0.85844,"[0.8108, 0.9789, 0.7659, 0.8854, 0.772, 0.9403, 0.6323, 0.9151, 0.9497, 0.9339]",15.03,100,-1,-1,-1,0.0,cpu,42,dataeff_xgboost_5k.yaml,11115402
2026-04-03T22:42:01.519976,dataeff_xgboost_10k,xgboost,adamw,0.001,128,0.3,none,he,0.8743,0.87317,"[0.8185, 0.9827, 0.7905, 0.8974, 0.7939, 0.9617, 0.6503, 0.9309, 0.9597, 0.946]",24.73,100,-1,-1,-1,0.0,cpu,42,dataeff_xgboost_10k.yaml,11115399
2026-04-03T22:42:10.985151,dataeff_xgboost_50k,xgboost,adamw,0.001,128,0.3,none,he,0.891,0.89068,"[0.8426, 0.9887, 0.8272, 0.896, 0.839, 0.9612, 0.6955, 0.9432, 0.9659, 0.9475]",48.84,100,-1,-1,-1,0.0,cpu,42,dataeff_xgboost_50k.yaml,11115401
2026-04-03T22:42:28.244685,baseline_xgboost,xgboost,adamw,0.001,128,0.3,none,he,0.891,0.89068,"[0.8426, 0.9887, 0.8272, 0.896, 0.839, 0.9612, 0.6955, 0.9432, 0.9659, 0.9475]",49.45,100,-1,-1,-1,0.0,cpu,42,baseline_xgboost.yaml,11115390
2026-04-03T22:49:23.722701,ablation_augmentation_crop_flip,simple_cnn,adamw,0.001,128,0.3,crop_flip,he,0.905,0.90563,"[0.8571, 0.9907, 0.8498, 0.9026, 0.8475, 0.9712, 0.7387, 0.953, 0.9857, 0.96]",155.33,50,50,207018,1293312,50.1,NVIDIA A40,42,ablation_augmentation_crop_flip.yaml,11115365
2026-04-03T22:51:28.153427,ablation_augmentation_hflip,simple_cnn,adamw,0.001,128,0.3,hflip,he,0.9201,0.92039,"[0.8721, 0.9868, 0.8875, 0.9116, 0.8854, 0.9698, 0.7853, 0.957, 0.9832, 0.9653]",88.07,33,32,207018,1293312,50.1,NVIDIA A40,42,ablation_augmentation_hflip.yaml,11115366
2026-04-03T22:53:23.511000,ablation_augmentation_none,simple_cnn,adamw,0.001,128,0.3,none,he,0.9174,0.91744,"[0.8662, 0.9903, 0.881, 0.9154, 0.8838, 0.977, 0.7563, 0.9559, 0.9791, 0.9694]",71.56,28,23,207018,1293312,50.1,NVIDIA A40,42,ablation_augmentation_none.yaml,11115367
2026-04-03T22:55:07.941690,ablation_batch_size_128,simple_cnn,adamw,0.001,128,0.3,none,he,0.9174,0.91744,"[0.8662, 0.9903, 0.881, 0.9154, 0.8838, 0.977, 0.7563, 0.9559, 0.9791, 0.9694]",73.02,28,23,207018,1293312,50.1,NVIDIA A40,42,ablation_batch_size_128.yaml,11115368
2026-04-03T22:56:37.717470,ablation_batch_size_256,simple_cnn,adamw,0.001,256,0.3,none,he,0.9082,0.90772,"[0.8621, 0.9859, 0.8616, 0.9026, 0.8562, 0.9722, 0.7437, 0.9512, 0.9766, 0.965]",68.29,33,28,207018,1293312,79.4,NVIDIA A40,42,ablation_batch_size_256.yaml,11115369
2026-04-03T22:58:57.378876,ablation_batch_size_32,simple_cnn,adamw,0.001,32,0.3,none,he,0.9174,0.917,"[0.8707, 0.9898, 0.88, 0.907, 0.8736, 0.9784, 0.7635, 0.9554, 0.9872, 0.9645]",104.57,23,18,207018,1293312,45.7,NVIDIA A40,42,ablation_batch_size_32.yaml,11115370
2026-04-03T23:00:57.857248,ablation_batch_size_64,simple_cnn,adamw,0.001,64,0.3,none,he,0.9139,0.91441,"[0.8614, 0.9878, 0.8697, 0.9075, 0.8662, 0.9759, 0.7691, 0.9598, 0.9791, 0.9676]",76.41,23,18,207018,1293312,45.7,NVIDIA A40,42,ablation_batch_size_64.yaml,11115371
2026-04-03T23:02:09.440654,ablation_dropout_00,simple_cnn,adamw,0.001,128,0.0,none,he,0.9083,0.90821,"[0.8599, 0.9827, 0.8668, 0.8829, 0.877, 0.9725, 0.7549, 0.9446, 0.9791, 0.9617]",47.38,19,14,207018,1293312,50.1,NVIDIA A40,42,ablation_dropout_00.yaml,11115372
2026-04-03T23:03:27.678505,ablation_dropout_025,simple_cnn,adamw,0.001,128,0.25,none,he,0.9109,0.91036,"[0.8618, 0.9897, 0.8675, 0.9081, 0.864, 0.9691, 0.7515, 0.9513, 0.9801, 0.9605]",53.22,22,17,207018,1293312,50.1,NVIDIA A40,42,ablation_dropout_025.yaml,11115373
2026-04-03T23:04:11.580760,ablation_dropout_04,simple_cnn,adamw,0.001,128,0.4,none,he,0.9171,0.91753,"[0.87, 0.9878, 0.8839, 0.9088, 0.877, 0.9764, 0.7608, 0.9606, 0.9825, 0.9674]",91.56,28,23,207018,1293312,50.1,NVIDIA A100-SXM4-80GB,42,ablation_dropout_04.yaml,11115374
2026-04-03T23:05:29.166177,ablation_initialization_default,simple_cnn,adamw,0.001,128,0.3,none,default,0.9179,0.91799,"[0.8652, 0.9907, 0.8822, 0.9149, 0.8741, 0.9734, 0.7791, 0.9507, 0.9837, 0.9659]",24.32,12,10,207018,1293312,50.1,NVIDIA A40,42,ablation_initialization_default.yaml,11115376
2026-04-03T23:06:17.713023,ablation_dropout_05,simple_cnn,adamw,0.001,128,0.5,none,he,0.9116,0.91202,"[0.8582, 0.9902, 0.8668, 0.9076, 0.8621, 0.974, 0.7546, 0.9598, 0.9827, 0.9643]",72.81,31,26,207018,1293312,50.1,NVIDIA A40,42,ablation_dropout_05.yaml,11115375
2026-04-03T23:06:39.534849,ablation_initialization_xavier,simple_cnn,adamw,0.001,128,0.3,none,xavier,0.916,0.9166,"[0.8772, 0.9887, 0.8612, 0.9075, 0.8653, 0.9762, 0.7762, 0.9609, 0.983, 0.9698]",60.59,16,11,207018,1293312,50.1,NVIDIA A100-SXM4-80GB,42,ablation_initialization_xavier.yaml,11115378
2026-04-03T23:06:43.694609,ablation_initialization_he,simple_cnn,adamw,0.001,128,0.3,none,he,0.9191,0.91939,"[0.869, 0.9907, 0.8762, 0.9096, 0.8845, 0.9767, 0.7835, 0.954, 0.9831, 0.9667]",98.23,30,26,207018,1293312,50.1,NVIDIA A100-SXM4-80GB,42,ablation_initialization_he.yaml,11115377
2026-04-03T23:07:44.577669,ablation_lr_00001,simple_cnn,adamw,0.0001,128,0.3,none,he,0.8996,0.89931,"[0.8506, 0.9873, 0.8514, 0.8983, 0.8487, 0.9656, 0.7093, 0.9493, 0.9695, 0.9632]",92.52,47,46,207018,1293312,50.1,NVIDIA A40,42,ablation_lr_00001.yaml,11115379
2026-04-03T23:07:55.822032,ablation_lr_0001,simple_cnn,adamw,0.001,128,0.3,none,he,0.9174,0.91744,"[0.8662, 0.9903, 0.881, 0.9154, 0.8838, 0.977, 0.7563, 0.9559, 0.9791, 0.9694]",67.0,28,23,207018,1293312,50.1,NVIDIA A40,42,ablation_lr_0001.yaml,11115380
2026-04-03T23:08:16.182343,ablation_lr_001,simple_cnn,adamw,0.01,128,0.3,none,he,0.9028,0.90134,"[0.8546, 0.9883, 0.8628, 0.8812, 0.8562, 0.975, 0.7065, 0.9485, 0.9847, 0.9557]",46.27,14,9,207018,1293312,50.1,NVIDIA A100-SXM4-80GB,42,ablation_lr_001.yaml,11115381
2026-04-03T23:08:19.609373,ablation_lr_01,simple_cnn,adamw,0.1,128,0.3,none,he,0.6595,0.67158,"[0.4645, 0.9606, 0.4078, 0.7626, 0.4732, 0.7783, 0.4325, 0.752, 0.856, 0.8283]",49.71,13,8,207018,1293312,50.1,NVIDIA A100-SXM4-80GB,42,ablation_lr_01.yaml,11115382
2026-04-03T23:10:53.828681,ablation_optimizer_adamw,simple_cnn,adamw,0.001,128,0.3,none,he,0.9191,0.91939,"[0.869, 0.9907, 0.8762, 0.9096, 0.8845, 0.9767, 0.7835, 0.954, 0.9831, 0.9667]",118.98,30,26,207018,1293312,50.1,NVIDIA A100-SXM4-80GB,42,ablation_optimizer_adamw.yaml,11115383
2026-04-03T23:11:13.556659,ablation_optimizer_adam,simple_cnn,adam,0.001,128,0.3,none,he,0.9212,0.9218,"[0.8685, 0.9907, 0.8815, 0.9111, 0.8851, 0.9829, 0.7917, 0.9598, 0.9826, 0.9642]",106.68,33,28,207018,1293312,50.1,NVIDIA A100-SXM4-80GB,42,ablation_optimizer_adam.yaml,11115384
2026-04-03T23:11:51.928046,ablation_optimizer_sgd_momentum,simple_cnn,sgd_momentum,0.001,128,0.3,none,he,0.8964,0.89691,"[0.8395, 0.9868, 0.8451, 0.9044, 0.8482, 0.9642, 0.7066, 0.9493, 0.9678, 0.957]",102.24,50,50,207018,1293312,49.3,NVIDIA A40,42,ablation_optimizer_sgd_momentum.yaml,11115385
2026-04-03T23:13:10.229867,baseline_mlp,mlp,adamw,0.001,128,0.3,none,he,0.8762,0.87582,"[0.8285, 0.9844, 0.7884, 0.887, 0.7977, 0.9545, 0.6884, 0.9222, 0.9666, 0.9405]",42.03,22,17,535818,535040,28.6,NVIDIA A40,42,baseline_mlp.yaml,11115388
2026-04-03T23:13:48.095923,dataeff_mlp_10k,mlp,adamw,0.001,128,0.3,none,he,0.8646,0.86321,"[0.8156, 0.9794, 0.7702, 0.884, 0.7764, 0.9324, 0.6532, 0.9227, 0.9582, 0.9399]",16.38,22,17,535818,535040,28.6,NVIDIA A40,42,dataeff_mlp_10k.yaml,11115391
2026-04-03T23:14:13.918846,baseline_simple_cnn,simple_cnn,adamw,0.001,128,0.3,none,he,0.9206,0.9212,"[0.8769, 0.9883, 0.8858, 0.9127, 0.8831, 0.9798, 0.7802, 0.9564, 0.9836, 0.9651]",105.18,33,28,207018,1293312,50.1,NVIDIA A100-SXM4-80GB,42,baseline_simple_cnn.yaml,11115389
2026-04-03T23:14:29.348286,ablation_optimizer_sgd,simple_cnn,sgd,0.001,128,0.3,none,he,0.8483,0.84668,"[0.8067, 0.974, 0.7569, 0.8589, 0.7744, 0.9277, 0.5819, 0.9007, 0.9506, 0.9351]",184.61,50,50,207018,1293312,48.5,NVIDIA A100-SXM4-80GB,42,ablation_optimizer_sgd.yaml,11115386
2026-04-03T23:14:57.673215,dataeff_mlp_1k,mlp,adamw,0.001,128,0.3,none,he,0.7974,0.79696,"[0.7561, 0.9578, 0.6767, 0.8335, 0.6858, 0.8707, 0.512, 0.8694, 0.906, 0.9017]",13.6,19,14,535818,535040,28.6,NVIDIA A100-SXM4-80GB,42,dataeff_mlp_1k.yaml,11115392
2026-04-03T23:15:47.709880,dataeff_mlp_5k,mlp,adamw,0.001,128,0.3,none,he,0.8261,0.82673,"[0.7773, 0.9455, 0.7454, 0.8119, 0.7082, 0.9147, 0.5898, 0.9054, 0.9463, 0.9229]",17.51,16,11,535818,535040,28.6,NVIDIA A100-SXM4-80GB,42,dataeff_mlp_5k.yaml,11115394
2026-04-03T23:16:25.716542,dataeff_mlp_50k,mlp,adamw,0.001,128,0.3,none,he,0.8832,0.88298,"[0.827, 0.9819, 0.8173, 0.8833, 0.8269, 0.9456, 0.6919, 0.9391, 0.9697, 0.947]",57.1,19,14,535818,535040,28.6,NVIDIA A100-SXM4-80GB,42,dataeff_mlp_50k.yaml,11115393
2026-04-03T23:16:55.293938,dataeff_simple_cnn_10k,simple_cnn,adamw,0.001,128,0.3,none,he,0.871,0.87052,"[0.8097, 0.9744, 0.7942, 0.8784, 0.7762, 0.9598, 0.668, 0.936, 0.9556, 0.953]",39.6,28,23,207018,1293312,50.1,NVIDIA A100-SXM4-80GB,42,dataeff_simple_cnn_10k.yaml,11115395
2026-04-03T23:17:04.565552,dataeff_simple_cnn_1k,simple_cnn,adamw,0.001,128,0.3,none,he,0.7715,0.77503,"[0.7312, 0.9508, 0.6259, 0.7862, 0.6455, 0.8532, 0.523, 0.8296, 0.8938, 0.9112]",16.65,31,28,207018,1293312,50.1,NVIDIA A40,42,dataeff_simple_cnn_1k.yaml,11115396
2026-04-03T23:17:42.790841,dataeff_simple_cnn_5k,simple_cnn,adamw,0.001,128,0.3,none,he,0.8496,0.8483,"[0.7902, 0.9801, 0.7406, 0.8808, 0.7149, 0.9456, 0.616, 0.9176, 0.9578, 0.9393]",23.12,32,27,207018,1293312,50.1,NVIDIA A40,42,dataeff_simple_cnn_5k.yaml,11115398
2026-04-03T23:18:38.499217,dataeff_simple_cnn_50k,simple_cnn,adamw,0.001,128,0.3,none,he,0.9222,0.92227,"[0.8786, 0.9898, 0.8852, 0.916, 0.8882, 0.978, 0.7755, 0.96, 0.9826, 0.9688]",106.5,33,28,207018,1293312,50.1,NVIDIA A100-SXM4-80GB,42,dataeff_simple_cnn_50k.yaml,11115397
2026-05-04T19:24:52.124314,ablation_augmentation_none_deeper_cnn,deeper_cnn,adamw,0.001,128,0.3,none,he,0.9177,0.91666,"[0.8639, 0.9808, 0.8699, 0.913, 0.8665, 0.9829, 0.7511, 0.9709, 0.9939, 0.9737]",45.61,12,7,299114,-1,163.7,NVIDIA A100-SXM4-80GB,42,ablation_augmentation_none_deeper_cnn.yaml,12501381
2026-05-04T19:25:53.452534,ablation_augmentation_hflip_deeper_cnn,deeper_cnn,adamw,0.001,128,0.3,hflip,he,0.9283,0.92814,"[0.8818, 0.9917, 0.8923, 0.9326, 0.8898, 0.9777, 0.7915, 0.9678, 0.9862, 0.97]",106.52,24,19,299114,-1,163.7,NVIDIA A100-SXM4-80GB,42,ablation_augmentation_hflip_deeper_cnn.yaml,12501380
2026-05-04T19:26:42.073577,ablation_batch_size_128_deeper_cnn,deeper_cnn,adamw,0.001,128,0.3,none,he,0.9177,0.91666,"[0.8639, 0.9808, 0.8699, 0.913, 0.8665, 0.9829, 0.7511, 0.9709, 0.9939, 0.9737]",43.65,12,7,299114,-1,163.7,NVIDIA A100-SXM4-80GB,42,ablation_batch_size_128_deeper_cnn.yaml,12501382
2026-05-04T19:26:47.208294,ablation_augmentation_crop_flip_deeper_cnn,deeper_cnn,adamw,0.001,128,0.3,crop_flip,he,0.9346,0.93471,"[0.8898, 0.9942, 0.8995, 0.9376, 0.9121, 0.9753, 0.8102, 0.9607, 0.9934, 0.9745]",160.59,32,27,299114,-1,163.7,NVIDIA A100-SXM4-80GB,42,ablation_augmentation_crop_flip_deeper_cnn.yaml,12501379
2026-05-04T19:27:39.836347,ablation_batch_size_256_deeper_cnn,deeper_cnn,adamw,0.001,256,0.3,none,he,0.8843,0.88259,"[0.8369, 0.9767, 0.6662, 0.8946, 0.805, 0.9815, 0.7428, 0.9697, 0.9798, 0.9727]",62.92,19,14,299114,-1,305.6,NVIDIA A100-SXM4-80GB,42,ablation_batch_size_256_deeper_cnn.yaml,12501383
2026-05-04T19:28:16.494251,ablation_batch_size_64_deeper_cnn,deeper_cnn,adamw,0.001,64,0.3,none,he,0.9279,0.92774,"[0.8762, 0.9884, 0.8852, 0.9311, 0.8869, 0.9854, 0.7909, 0.9667, 0.9934, 0.9731]",59.8,12,7,299114,-1,120.7,NVIDIA A100-SXM4-80GB,42,ablation_batch_size_64_deeper_cnn.yaml,12501385
2026-05-04T19:29:12.756492,ablation_batch_size_32_deeper_cnn,deeper_cnn,adamw,0.001,32,0.3,none,he,0.9296,0.9297,"[0.885, 0.9873, 0.8944, 0.922, 0.8901, 0.9869, 0.7924, 0.9707, 0.9923, 0.976]",116.09,15,10,299114,-1,120.7,NVIDIA A100-SXM4-80GB,42,ablation_batch_size_32_deeper_cnn.yaml,12501384
2026-05-04T19:29:16.043072,ablation_dropout_00_deeper_cnn,deeper_cnn,adamw,0.001,128,0.0,none,he,0.8935,0.89111,"[0.8538, 0.9588, 0.8176, 0.8908, 0.7589, 0.9804, 0.7455, 0.9686, 0.9668, 0.9699]",49.13,12,7,299114,-1,163.7,NVIDIA A100-SXM4-80GB,42,ablation_dropout_00_deeper_cnn.yaml,12501386
2026-05-04T19:31:45.500412,ablation_dropout_025_deeper_cnn,deeper_cnn,adamw,0.001,128,0.25,none,he,0.9095,0.90917,"[0.8679, 0.9889, 0.842, 0.9219, 0.8158, 0.9756, 0.7637, 0.9602, 0.9892, 0.9666]",49.71,12,7,299114,-1,163.7,NVIDIA A100-SXM4-80GB,42,ablation_dropout_025_deeper_cnn.yaml,12501387
2026-05-04T19:31:58.075537,ablation_dropout_05_deeper_cnn,deeper_cnn,adamw,0.001,128,0.5,none,he,0.9292,0.92923,"[0.8793, 0.9917, 0.8992, 0.9171, 0.903, 0.9835, 0.7949, 0.9675, 0.9863, 0.9698]",62.28,17,12,299114,-1,163.7,NVIDIA A100-SXM4-80GB,42,ablation_dropout_05_deeper_cnn.yaml,12501389
2026-05-04T19:32:06.073053,ablation_dropout_04_deeper_cnn,deeper_cnn,adamw,0.001,128,0.4,none,he,0.9257,0.92521,"[0.8693, 0.9836, 0.8853, 0.9212, 0.9022, 0.9773, 0.7731, 0.9775, 0.9892, 0.9735]",70.26,17,12,299114,-1,163.7,NVIDIA A100-SXM4-80GB,42,ablation_dropout_04_deeper_cnn.yaml,12501388
2026-05-04T19:33:39.691231,ablation_initialization_xavier_deeper_cnn,deeper_cnn,adamw,0.001,128,0.3,none,xavier,0.9093,0.90633,"[0.8431, 0.9841, 0.8545, 0.928, 0.8667, 0.9836, 0.6708, 0.9684, 0.9918, 0.9723]",39.96,11,6,299114,-1,163.7,NVIDIA A100-SXM4-80GB,42,ablation_initialization_xavier_deeper_cnn.yaml,12501392
2026-05-04T19:33:49.560199,ablation_initialization_he_deeper_cnn,deeper_cnn,adamw,0.001,128,0.3,none,he,0.9177,0.91666,"[0.8639, 0.9808, 0.8699, 0.913, 0.8665, 0.9829, 0.7511, 0.9709, 0.9939, 0.9737]",49.74,12,7,299114,-1,163.7,NVIDIA A100-SXM4-80GB,42,ablation_initialization_he_deeper_cnn.yaml,12501391
2026-05-04T19:34:03.503067,ablation_initialization_default_deeper_cnn,deeper_cnn,adamw,0.001,128,0.3,none,default,0.9255,0.92663,"[0.87, 0.9883, 0.8877, 0.927, 0.8924, 0.9845, 0.7864, 0.9664, 0.9897, 0.9738]",63.72,16,11,299114,-1,163.7,NVIDIA A100-SXM4-80GB,42,ablation_initialization_default_deeper_cnn.yaml,12501390
2026-05-04T19:34:54.981758,ablation_lr_0001_deeper_cnn,deeper_cnn,adamw,0.001,128,0.3,none,he,0.9177,0.91666,"[0.8639, 0.9808, 0.8699, 0.913, 0.8665, 0.9829, 0.7511, 0.9709, 0.9939, 0.9737]",43.58,12,7,299114,-1,163.7,NVIDIA A100-SXM4-80GB,42,ablation_lr_0001_deeper_cnn.yaml,12501394
2026-05-04T19:35:30.357895,ablation_lr_001_deeper_cnn,deeper_cnn,adamw,0.01,128,0.3,none,he,0.9207,0.91967,"[0.8668, 0.9912, 0.8864, 0.9221, 0.8714, 0.9845, 0.7481, 0.9686, 0.9876, 0.97]",44.26,11,6,299114,-1,163.7,NVIDIA A100-SXM4-80GB,42,ablation_lr_001_deeper_cnn.yaml,12501395
2026-05-04T19:35:39.996290,ablation_lr_00001_deeper_cnn,deeper_cnn,adamw,0.0001,128,0.3,none,he,0.9149,0.91473,"[0.8616, 0.9863, 0.879, 0.9001, 0.8744, 0.975, 0.7671, 0.9581, 0.9836, 0.9622]",88.31,22,17,299114,-1,163.7,NVIDIA A100-SXM4-80GB,42,ablation_lr_00001_deeper_cnn.yaml,12501393
2026-05-04T19:37:50.540911,ablation_lr_01_deeper_cnn,deeper_cnn,adamw,0.1,128,0.3,none,he,0.7401,0.74261,"[0.7505, 0.8898, 0.5937, 0.6819, 0.6638, 0.8415, 0.4407, 0.8221, 0.843, 0.8991]",53.88,13,8,299114,-1,163.7,NVIDIA A100-SXM4-80GB,42,ablation_lr_01_deeper_cnn.yaml,12501396
2026-05-04T19:38:04.231581,ablation_optimizer_adam_deeper_cnn,deeper_cnn,adam,0.001,128,0.3,none,he,0.922,0.92141,"[0.8707, 0.9907, 0.8916, 0.9105, 0.8889, 0.9801, 0.7656, 0.9638, 0.9866, 0.9654]",67.93,19,14,299114,-1,163.7,NVIDIA A100-SXM4-80GB,42,ablation_optimizer_adam_deeper_cnn.yaml,12501397
2026-05-04T19:39:49.174746,ablation_optimizer_adamw_deeper_cnn,deeper_cnn,adamw,0.001,128,0.3,none,he,0.9177,0.91666,"[0.8639, 0.9808, 0.8699, 0.913, 0.8665, 0.9829, 0.7511, 0.9709, 0.9939, 0.9737]",48.6,12,7,299114,-1,163.7,NVIDIA A100-SXM4-80GB,42,ablation_optimizer_adamw_deeper_cnn.yaml,12501398
2026-05-04T19:39:51.103509,ablation_optimizer_sgd_momentum_deeper_cnn,deeper_cnn,sgd_momentum,0.001,128,0.3,none,he,0.8877,0.88839,"[0.8557, 0.9854, 0.813, 0.8996, 0.7866, 0.9687, 0.7081, 0.9463, 0.9716, 0.9489]",50.53,14,9,299114,-1,162.6,NVIDIA A100-SXM4-80GB,42,ablation_optimizer_sgd_momentum_deeper_cnn.yaml,12501400
2026-05-04T19:42:21.728352,ablation_optimizer_sgd_deeper_cnn,deeper_cnn,sgd,0.001,128,0.3,none,he,0.879,0.87875,"[0.8343, 0.9783, 0.8244, 0.8707, 0.8019, 0.9521, 0.6784, 0.9414, 0.9626, 0.9432]",201.19,50,50,299114,-1,161.4,NVIDIA A100-SXM4-80GB,42,ablation_optimizer_sgd_deeper_cnn.yaml,12501399
